name,datetime,tempmax,tempmin,temp,feelslikemax,feelslikemin,feelslike,dew,humidity,precip,precipprob,precipcover,preciptype,snow,snowdepth,windgust,windspeed,winddir,sealevelpressure,cloudcover,visibility,solarradiation,solarenergy,uvindex,severerisk,sunrise,sunset,moonphase,conditions,description,icon,stations
seattle,2016-06-01,23.4,14.5,18.9,23.4,14.5,18.9,10.7,60,0.115,100,8.33,rain,0,0,28.8,17.8,203,1013.9,64.2,16,262.8,22.7,7,,2016-06-01T05:15:22,2016-06-01T20:59:41,0.88,"Rain, Partially cloudy",Partly cloudy throughout the day with late afternoon rain.,rain,"72793024233,KSEA,KBFI,72793524234,72793494248,KRNT"
seattle,2016-06-02,21,15,17.3,21,15,17.3,11.8,71.3,0.41,100,16.67,rain,0,0,38.9,26.9,189.3,1018,87.3,15.9,140.4,12.2,5,,2016-06-02T05:14:47,2016-06-02T21:00:34,0.92,"Rain, Partially cloudy",Partly cloudy throughout the day with rain clearing later.,rain,"72793024233,KSEA,KBFI,72793524234,72793494248,KRNT"
seattle,2016-06-03,26.7,13.7,20,26.7,13.7,20,11.8,61.6,0,0,0,,0,0,31.3,18,315.3,1023.2,43.7,16,334.8,29,9,,2016-06-03T05:14:15,2016-06-03T21:01:25,0.95,Partially cloudy,Clearing in the afternoon.,partly-cloudy-day,"72793024233,KSEA,KBFI,72793524234,72793494248,KRNT"
seattle,2016-06-04,26.8,17,22.4,26.6,17,22.4,9.6,45.3,0,0,0,,0,0,37.8,20.8,331.1,1018,14.9,16,342.5,29.6,9,,2016-06-04T05:13:45,2016-06-04T21:02:14,0,Clear,Clear conditions throughout the day.,clear-day,"72793024233,KSEA,KBFI,72793524234,72793494248,KRNT"
seattle,2016-06-05,33,18.2,25.9,32.9,18.2,25.7,13.7,48.5,0,0,0,,0,0,21.6,14,332.2,1012.2,19.7,16,343.1,29.7,9,,2016-06-05T05:13:17,2016-06-05T21:03:02,0.02,Clear,Clear conditions throughout the day.,clear-day,"72793024233,KSEA,KBFI,72793524234,72793494248,KRNT"
seattle,2016-06-06,29.3,18,24.1,28.4,18,23.8,11.5,47,0,0,0,,0,0,31.7,19.9,325.2,1012.1,17.3,16,344.8,29.7,9,,2016-06-06T05:12:52,2016-06-06T21:03:48,0.05,Clear,Clear conditions throughout the day.,clear-day,"72793024233,KSEA,KBFI,72793524234,72793494248,KRNT"
seattle,2016-06-07,29.1,15.2,21.9,28,15.2,21.8,9.2,45.7,0,0,0,,0,0,15.8,12.9,321.6,1009.8,35.6,16,334.1,29,9,,2016-06-07T05:12:30,2016-06-07T21:04:31,0.09,Partially cloudy,Partly cloudy throughout the day.,partly-cloudy-day,"72793024233,KSEA,KBFI,72793524234,72793494248,KRNT"
seattle,2016-06-08,20.2,14,17.2,20.2,14,17.2,9.6,61.2,0.045,100,4.17,rain,0,0,35.7,23.1,198.3,1011.3,71.6,16,224.3,19.3,7,,2016-06-08T05:12:10,2016-06-08T21:05:13,0.12,"Rain, Partially cloudy",Partly cloudy throughout the day with afternoon rain.,rain,"72793024233,KSEA,KBFI,72793524234,72793494248,KRNT"
seattle,2016-06-09,17.5,12.2,14.9,17.5,12.2,14.9,8.4,66.4,1.4,100,12.5,rain,0,0,38.9,17.7,177,1013.8,89.8,15.7,147.3,12.6,4,,2016-06-09T05:11:53,2016-06-09T21:05:52,0.15,"Rain, Partially cloudy",Partly cloudy throughout the day with late afternoon rain.,rain,"72793024233,KSEA,KBFI,72793524234,72793494248,KRNT"
seattle,2016-06-10,17.9,11,13.7,17.9,11,13.7,7.2,66.1,1.589,100,25,rain,0,0,37.8,18.9,180.7,1015.7,76.1,15.8,243.6,21,7,,2016-06-10T05:11:38,2016-06-10T21:06:30,0.18,"Rain, Partially cloudy",Partly cloudy throughout the day with rain.,rain,"72793024233,KSEA,KBFI,72793524234,72793494248,KRNT"
seattle,2016-06-11,18.1,11.1,14.4,18.1,11.1,14.4,8.1,67.3,2.415,100,25,rain,0,0,34.2,15,199.1,1023.1,95.8,15.9,224.4,19.5,7,,2016-06-11T05:11:26,2016-06-11T21:07:05,0.22,"Rain, Overcast",Cloudy skies throughout the day with rain.,rain,"72793024233,KSEA,KBFI,72793524234,72793494248,KRNT"
seattle,2016-06-12,20.7,13.2,16.7,20.7,13.2,16.7,6.3,52,0,0,0,,0,0,23,12,331.4,1024.3,73.6,16,238.1,20.5,7,,2016-06-12T05:11:16,2016-06-12T21:07:38,0.25,Partially cloudy,Partly cloudy throughout the day.,partly-cloudy-day,"72793024233,KSEA,KBFI,72793524234,72793494248,KRNT"
seattle,2016-06-13,18.6,11.9,14.8,18.6,11.9,14.8,8.6,67.3,0,0,0,,0,0,38.5,28.8,188,1016.5,76.9,16,161.3,13.9,4,,2016-06-13T05:11:09,2016-06-13T21:08:08,0.28,Partially cloudy,Partly cloudy throughout the day.,partly-cloudy-day,"72793024233,KSEA,KBFI,72793524234,72793494248,KRNT"
seattle,2016-06-14,14.9,9.8,12.1,14.9,7.6,11.9,7,71.7,1.045,100,20.83,rain,0,0,43.7,32.9,173.7,1014,86.1,16,217.9,18.7,6,,2016-06-14T05:11:05,2016-06-14T21:08:37,0.32,"Rain, Partially cloudy",Partly cloudy throughout the day with rain.,rain,"72793024233,KSEA,KBFI,72793524234,72793494248,KRNT"
seattle,2016-06-15,19.1,7.3,13.2,19.1,5.1,12.6,5.8,63.8,0,0,0,,0,0,29.5,14.8,177.1,1014.2,66.3,16,300.5,25.9,8,,2016-06-15T05:11:03,2016-06-15T21:09:03,0.35,Partially cloudy,Partly cloudy throughout the day.,partly-cloudy-day,"72793024233,KSEA,KBFI,72793524234,72793494248,KRNT"
seattle,2016-06-16,20.7,11.5,15.6,20.7,11.5,15.6,5.6,54.1,0,0,0,,0,0,33.5,17.3,190.9,1018.1,64.5,16,304.3,26.1,9,,2016-06-16T05:11:03,2016-06-16T21:09:26,0.38,Partially cloudy,Partly cloudy throughout the day.,partly-cloudy-day,"72793024233,KSEA,KBFI,72793524234,72793494248,KRNT"
seattle,2016-06-17,19.3,10.9,14.9,19.3,10.9,14.9,7.1,60.5,1.281,100,29.17,rain,0,0,35.3,21.7,324.3,1020.3,57.6,15.8,299.1,25.7,9,,2016-06-17T05:11:07,2016-06-17T21:09:47,0.41,"Rain, Partially cloudy",Becoming cloudy in the afternoon with rain.,rain,"72793024233,KSEA,KBFI,72793524234,72793494248,KRNT"
seattle,2016-06-18,17.4,12.5,14.3,17.4,12.5,14.3,10.6,79.7,7.477,100,25,rain,0,0,53.6,23,203.2,1021.3,88.7,15.3,161.5,13.8,6,,2016-06-18T05:11:12,2016-06-18T21:10:06,0.45,"Rain, Partially cloudy",Partly cloudy throughout the day with rain clearing later.,rain,"72793024233,KSEA,KBFI,72793524234,72793494248,KRNT"
seattle,2016-06-19,20.9,8.8,15.5,20.9,7.5,15.3,8,63.7,0.095,100,4.17,rain,0,0,35.3,22,331.9,1027.6,27.1,16,321.5,28,9,,2016-06-19T05:11:21,2016-06-19T21:10:22,0.48,"Rain, Partially cloudy",Partly cloudy throughout the day with late afternoon rain.,rain,"72793024233,KSEA,KBFI,72793524234,72793494248,KRNT"
seattle,2016-06-20,23.7,14.1,17.9,23.7,14.1,17.9,10.8,65.5,1.2,100,4.17,rain,0,0,35.3,19.2,326.9,1021.6,68.4,15.6,265.1,22.9,6,,2016-06-20T05:11:31,2016-06-20T21:10:36,0.5,"Rain, Partially cloudy",Partly cloudy throughout the day with late afternoon rain.,rain,"72793024233,KSEA,KBFI,72793524234,72793494248,KRNT"
seattle,2016-06-21,21.2,13.3,16.9,21.2,13.3,16.9,11.4,71.9,13.326,100,20.83,rain,0,0,38.5,19.7,189.1,1024.2,79.6,15.5,172.8,15,5,,2016-06-21T05:11:45,2016-06-21T21:10:47,0.55,"Rain, Partially cloudy",Partly cloudy throughout the day with early morning rain.,rain,"72793024233,KSEA,KBFI,72793524234,72793494248,KRNT"
seattle,2016-06-22,23.5,13.8,17.9,23.5,13.8,17.9,10.3,62.9,0,0,0,,0,0,17.3,16.2,317.7,1018.1,67.7,16,240.6,20.8,7,,2016-06-22T05:12:00,2016-06-22T21:10:56,0.58,Partially cloudy,Partly cloudy throughout the day.,partly-cloudy-day,"72793024233,KSEA,KBFI,72793524234,72793494248,KRNT"
seattle,2016-06-23,19.8,12.9,15.4,19.8,12.9,15.4,12.6,84.3,7.098,100,45.83,rain,0,0,40.3,20.7,169.9,1016.5,95.4,14.2,124.5,10.7,5,,2016-06-23T05:12:18,2016-06-23T21:11:02,0.62,"Rain, Overcast",Cloudy skies throughout the day with a chance of rain throughout the day.,rain,"72793024233,KSEA,KBFI,72793524234,72793494248,KRNT"
seattle,2016-06-24,19.8,11.6,15.3,19.8,11.6,15.3,12,81.7,5.972,100,33.33,rain,0,0,37.1,20.4,169.6,1022.5,97,15.5,193.6,16.6,6,,2016-06-24T05:12:39,2016-06-24T21:11:05,0.65,"Rain, Overcast",Cloudy skies throughout the day with rain.,rain,"72793024233,KSEA,KBFI,72793524234,72793494248,KRNT"
seattle,2016-06-25,21.4,13.8,17.3,21.4,13.8,17.3,11.1,68.2,0,0,0,,0,0,27.7,16.9,331.2,1024.9,58.9,15.9,220.3,19.1,5,,2016-06-25T05:13:02,2016-06-25T21:11:06,0.69,Partially cloudy,Partly cloudy throughout the day.,partly-cloudy-day,"72793024233,KSEA,KBFI,72793524234,72793494248,KRNT"
seattle,2016-06-26,25.3,13.7,19.7,25.3,13.7,19.7,12.5,64.6,0,0,0,,0,0,32.8,19.5,326.9,1021.8,13.6,16,345.9,29.8,9,,2016-06-26T05:13:27,2016-06-26T21:11:04,0.73,Clear,Clear conditions throughout the day.,clear-day,"72793024233,KSEA,KBFI,72793524234,72793494248,KRNT"
seattle,2016-06-27,28.7,16.4,22.4,28.2,16.4,22.3,12.5,55.5,0.023,100,4.17,rain,0,0,18.7,17.5,315.2,1020.4,25.1,16,336.1,29.1,9,,2016-06-27T05:13:54,2016-06-27T21:11:00,0.75,"Rain, Partially cloudy",Partly cloudy throughout the day with late afternoon rain.,rain,"72793024233,KSEA,KBFI,72793524234,72793494248,KRNT"
seattle,2016-06-28,25.2,13.4,18.8,25.2,13.4,18.8,12.7,70.2,0,0,0,,0,0,18.7,13.6,225.5,1022,33.5,15.3,334.6,29.1,9,,2016-06-28T05:14:24,2016-06-28T21:10:53,0.8,Partially cloudy,Clearing in the afternoon.,partly-cloudy-day,"72793024233,KSEA,KBFI,72793524234,72793494248,KRNT"
seattle,2016-06-29,22.5,13.8,17.3,22.5,13.8,17.3,13.3,78.3,0,0,0,,0,0,20.9,13.3,206.2,1022.2,63.7,15.6,194.6,16.7,6,,2016-06-29T05:14:56,2016-06-29T21:10:44,0.83,Partially cloudy,Partly cloudy throughout the day.,partly-cloudy-day,"72793024233,KSEA,KBFI,72793524234,72793494248,KRNT"
seattle,2016-06-30,22.5,13.8,17.5,22.5,13.8,17.5,12.3,72.6,0,0,0,,0,0,46.4,11.5,269.8,1022.6,67.3,16,195.8,17.1,5,,2016-06-30T05:15:30,2016-06-30T21:10:31,0.87,Partially cloudy,Partly cloudy throughout the day.,partly-cloudy-day,"72793024233,KSEA,KBFI,72793524234,72793494248,KRNT"
seattle,2016-07-01,23.8,13.8,18.1,23.8,13.8,18.1,12.4,70.8,0,0,0,,0,0,23.8,13.5,280.8,1019.5,57.2,16,260.9,22.3,8,,2016-07-01T05:16:06,2016-07-01T21:10:17,0.9,Partially cloudy,Partly cloudy throughout the day.,partly-cloudy-day,"72793024233,KSEA,KBFI,72793524234,72793494248,KRNT"
seattle,2016-07-02,23.8,17,19.7,23.8,17,19.7,13.9,69.7,0,0,0,,0,0,23.4,13.2,296.1,1017.1,73.5,16,178.2,15.5,5,,2016-07-02T05:16:44,2016-07-02T21:09:59,0.94,Partially cloudy,Partly cloudy throughout the day.,partly-cloudy-day,"72793024233,KSEA,KBFI,72793524234,72793494248,KRNT"
seattle,2016-07-03,21.2,14.3,17.1,21.2,14.3,17.1,11.8,72.4,0.128,100,8.33,rain,0,0,20.9,13.3,193.3,1019.9,92.8,15.4,176,15.2,5,,2016-07-03T05:17:25,2016-07-03T21:09:39,0.98,"Rain, Overcast",Cloudy skies throughout the day with morning rain.,rain,"72793024233,KSEA,KBFI,72793524234,72793494248,KRNT"
seattle,2016-07-04,19.4,14.2,16.5,19.4,14.2,16.5,11.2,71.3,0,0,0,,0,0,29.9,13.9,140.2,1020.8,97.7,16,89.3,7.7,3,,2016-07-04T05:18:07,2016-07-04T21:09:16,0,Overcast,Cloudy skies throughout the day.,cloudy,"72793024233,KSEA,KBFI,72793524234,72793494248,KRNT"
seattle,2016-07-05,20.1,14.1,16.2,20.1,14.1,16.2,11,72,0.158,100,4.17,rain,0,0,33.5,11.9,162.5,1019.7,98.1,15.9,86.4,7.5,3,,2016-07-05T05:18:51,2016-07-05T21:08:51,0.04,"Rain, Overcast",Cloudy skies throughout the day with early morning rain.,rain,"72793024233,KSEA,KBFI,72793524234,72793494248,KRNT"
seattle,2016-07-06,23.9,14.4,19,23.9,14.4,19,11.5,64,0.045,100,4.17,rain,0,0,17.6,11.6,316,1017.3,70,15.9,193.1,16.6,5,,2016-07-06T05:19:37,2016-07-06T21:08:23,0.08,"Rain, Partially cloudy",Partly cloudy throughout the day with morning rain.,rain,"72793024233,KSEA,KBFI,72793524234,72793494248,KRNT"
seattle,2016-07-07,19.9,15.7,17.4,19.9,15.7,17.4,13.3,77.4,1.792,100,16.67,rain,0,0,31.7,18.9,186.7,1013.5,88.5,15.8,92.3,7.8,3,,2016-07-07T05:20:25,2016-07-07T21:07:53,0.11,"Rain, Partially cloudy",Partly cloudy throughout the day with late afternoon rain.,rain,"72793024233,KSEA,KBFI,72793524234,72793494248,KRNT"
seattle,2016-07-08,22.5,15.5,18.1,22.5,15.5,18.1,14.2,79.8,3.635,100,37.5,rain,0,0,39.2,14.6,203.6,1012.3,91.2,13.9,174.9,14.9,6,,2016-07-08T05:21:15,2016-07-08T21:07:20,0.14,"Rain, Overcast",Cloudy skies throughout the day with rain.,rain,"72793024233,KSEA,KBFI,72793524234,72793494248,KRNT"
seattle,2016-07-09,21,14.4,17.3,21,14.4,17.3,12.2,73.7,2.554,100,20.83,rain,0,0,34.6,15.4,202.6,1014.9,88.8,15.8,207.8,17.8,7,,2016-07-09T05:22:06,2016-07-09T21:06:45,0.17,"Rain, Partially cloudy",Partly cloudy throughout the day with rain clearing later.,rain,"72793024233,KSEA,KBFI,72793524234,72793494248,KRNT"
seattle,2016-07-10,22.3,14.6,18,22.3,14.6,18,12.7,72.7,0.064,100,4.17,rain,0,0,19.4,13.8,261.1,1016.6,89.2,16,204.9,17.7,6,,2016-07-10T05:22:59,2016-07-10T21:06:07,0.2,"Rain, Partially cloudy",Partly cloudy throughout the day with early morning rain.,rain,"72793024233,KSEA,KBFI,72793524234,72793494248,KRNT"
seattle,2016-07-11,22,14.3,17.7,22,14.3,17.7,11.2,67,0,0,0,,0,0,31.3,17.1,191,1018.1,87.8,16,147.1,12.8,4,,2016-07-11T05:23:54,2016-07-11T21:05:27,0.25,Partially cloudy,Partly cloudy throughout the day.,partly-cloudy-day,"72793024233,KSEA,KBFI,72793524234,72793494248,KRNT"
seattle,2016-07-12,24.3,15.5,19.3,24.3,15.5,19.3,12.2,64.7,0,0,0,,0,0,31.7,19.4,217.1,1016.8,70,16,226.5,15.3,7,,2016-07-12T05:24:50,2016-07-12T21:04:44,0.27,Partially cloudy,Partly cloudy throughout the day.,partly-cloudy-day,"72793024233,KSEA,KBFI,72793524234,72793494248,KRNT"
seattle,2016-07-13,23.6,15.1,18.8,23.6,15.1,18.8,10.4,60.3,0,0,0,,0,0,24.5,16,320.9,1023.3,62.8,16,107,5.4,5,,2016-07-13T05:25:48,2016-07-13T21:03:59,0.3,Partially cloudy,Partly cloudy throughout the day.,partly-cloudy-day,"72793024233,KSEA,KBFI,72793524234,72793494248,KRNT"
seattle,2016-07-14,24.4,14,19.2,24.4,14,19.2,11.2,61.4,0,0,0,,0,0,35.3,26,338.2,1023.2,33.9,16,251.8,21.7,7,,2016-07-14T05:26:47,2016-07-14T21:03:11,0.33,Partially cloudy,Partly cloudy throughout the day.,partly-cloudy-day,"72793024233,KSEA,KBFI,72793524234,72793494248,KRNT"
seattle,2016-07-15,23.6,14.2,19.1,23.6,14.2,19.1,11,61.5,0,0,0,,0,0,22,12.8,247.4,1020.8,64.4,15.8,193.9,16.8,5,,2016-07-15T05:27:47,2016-07-15T21:02:21,0.37,Partially cloudy,Partly cloudy throughout the day.,partly-cloudy-day,"72793024233,KSEA,KBFI,72793524234,72793494248,KRNT"
seattle,2016-07-16,21.9,15,18.4,21.9,15,18.4,11.4,64.7,0,0,0,,0,0,25.6,13.4,196.2,1018.2,82.5,16,165.1,14.5,5,,2016-07-16T05:28:49,2016-07-16T21:01:29,0.4,Partially cloudy,Partly cloudy throughout the day.,partly-cloudy-day,"72793024233,KSEA,KBFI,72793524234,72793494248,KRNT"
seattle,2016-07-17,25.7,15.4,20.4,25.7,15.4,20.4,12.7,63.3,0,0,0,,0,0,18,14.2,315.5,1014.5,63.2,16,212.1,18.3,7,,2016-07-17T05:29:52,2016-07-17T21:00:35,0.43,Partially cloudy,Partly cloudy throughout the day.,partly-cloudy-day,"72793024233,KSEA,KBFI,72793524234,72793494248,KRNT"
seattle,2016-07-18,21.8,16.7,18.7,21.8,16.7,18.7,13.5,71.9,0.109,100,8.33,rain,0,0,29.2,15.3,193.5,1015.5,93.2,15.9,117.5,10.4,3,,2016-07-18T05:30:56,2016-07-18T20:59:38,0.46,"Rain, Overcast",Cloudy skies throughout the day with morning rain.,rain,"72793024233,KSEA,KBFI,72793524234,72793494248,KRNT"
seattle,2016-07-19,24.8,16.4,20.1,24.8,16.4,20.1,11.9,61,0,0,0,,0,0,19.8,13.3,206.1,1018.8,80.3,16,233.3,20.1,6,,2016-07-19T05:32:02,2016-07-19T20:58:39,0.5,Partially cloudy,Partly cloudy throughout the day.,partly-cloudy-day,"72793024233,KSEA,KBFI,72793524234,72793494248,KRNT"
seattle,2016-07-20,26.9,16.5,21.3,26.6,16.5,21.3,11.8,56.7,0,0,0,,0,0,21.2,15.5,314,1019.4,52.1,15.9,271.8,23.6,8,,2016-07-20T05:33:08,2016-07-20T20:57:38,0.53,Partially cloudy,Clearing in the afternoon.,partly-cloudy-day,"72793024233,KSEA,KBFI,72793524234,72793494248,KRNT"
seattle,2016-07-21,27.7,16,21.8,27.4,16,21.8,12.7,58.2,0,0,0,,0,0,29.5,20.2,314.1,1017.3,31,16,305.6,26.5,9,,2016-07-21T05:34:16,2016-07-21T20:56:34,0.57,Partially cloudy,Partly cloudy throughout the day.,partly-cloudy-day,"72793024233,KSEA,KBFI,72793524234,72793494248,KRNT"
seattle,2016-07-22,21.2,16,18.4,21.2,16,18.4,13.4,73.6,4.772,100,16.67,rain,0,0,35.6,17.3,179.7,1023.3,90.1,15.2,176,15.2,5,,2016-07-22T05:35:24,2016-07-22T20:55:29,0.6,"Rain, Overcast",Cloudy skies throughout the day with morning rain.,rain,"72793024233,KSEA,KBFI,72793524234,72793494248,KRNT"
seattle,2016-07-23,23.2,15.3,18.6,23.2,15.3,18.6,11.9,66.5,0.023,100,4.17,rain,0,0,33.5,13.8,316.2,1024.4,66.5,16,160.1,13.7,4,,2016-07-23T05:36:34,2016-07-23T20:54:21,0.64,"Rain, Partially cloudy",Partly cloudy throughout the day with late afternoon rain.,rain,"72793024233,KSEA,KBFI,72793524234,72793494248,KRNT"
seattle,2016-07-24,26.7,14.5,20.4,26.6,14.5,20.4,11.9,60.1,0,0,0,,0,0,29.5,17.7,325.6,1019.3,0.2,16,323.6,28.1,9,,2016-07-24T05:37:44,2016-07-24T20:53:12,0.67,Clear,Clear conditions throughout the day.,clear-day,"72793024233,KSEA,KBFI,72793524234,72793494248,KRNT"
seattle,2016-07-25,29,16.3,22.7,28.5,16.3,22.6,13.6,58.1,0,0,0,,0,0,21.6,15.5,322.4,1017.5,20.6,16,318.2,27.5,9,,2016-07-25T05:38:56,2016-07-25T20:52:00,0.71,Partially cloudy,Partly cloudy throughout the day.,partly-cloudy-day,"72793024233,KSEA,KBFI,72793524234,72793494248,KRNT"
seattle,2016-07-26,25.7,15.7,20,25.7,15.7,20,13.7,68.8,0,0,0,,0,0,19.8,12.8,257.8,1020.1,52.7,16,149.2,12.9,4,,2016-07-26T05:40:08,2016-07-26T20:50:47,0.75,Partially cloudy,Partly cloudy throughout the day.,partly-cloudy-day,"72793024233,KSEA,KBFI,72793524234,72793494248,KRNT"
seattle,2016-07-27,28.4,15.3,21.7,28,15.3,21.7,13.7,62.8,0.023,100,4.17,rain,0,0,33.5,16.8,315.1,1019.6,12,16,315.5,27.2,9,,2016-07-27T05:41:21,2016-07-27T20:49:32,0.78,Rain,Clear conditions throughout the day with early morning rain.,rain,"72793024233,KSEA,KBFI,72793524234,72793494248,KRNT"
seattle,2016-07-28,29.8,16.6,23.4,29.3,16.6,23.3,14.2,58.2,0,0,0,,0,0,33.5,17.6,322.4,1018.6,1.7,15.9,321.3,27.6,9,,2016-07-28T05:42:34,2016-07-28T20:48:14,0.82,Clear,Clear conditions throughout the day.,clear-day,"72793024233,KSEA,KBFI,72793524234,72793494248,KRNT"
seattle,2016-07-29,30.3,17.5,24.2,29.5,17.5,24,14.1,55.7,0,0,0,,0,0,31.7,17.4,323.9,1014.7,1.2,15.7,319.5,27.4,9,,2016-07-29T05:43:48,2016-07-29T20:46:55,0.85,Clear,Clear conditions throughout the day.,clear-day,"72793024233,KSEA,KBFI,72793524234,72793494248,KRNT"
seattle,2016-07-30,24.1,15,19.3,24.1,15,19.3,11.8,63.1,0,0,0,,0,0,28.6,14.9,211.7,1013.9,36.4,15.8,215.8,18.8,7,,2016-07-30T05:45:03,2016-07-30T20:45:34,0.89,Partially cloudy,Partly cloudy throughout the day.,partly-cloudy-day,"72793024233,KSEA,KBFI,72793524234,72793494248,KRNT"
seattle,2016-07-31,22,14.3,18.1,22,14.3,18.1,10.8,63.6,0,0,0,,0,0,31.7,15.7,194.7,1017.3,47.7,16,213.9,18.5,6,,2016-07-31T05:46:18,2016-07-31T20:44:12,0.93,Partially cloudy,Partly cloudy throughout the day.,partly-cloudy-day,"72793024233,KSEA,KBFI,72793524234,72793494248,KRNT"
seattle,2016-08-01,24.9,12.7,17.7,24.9,12.7,17.7,11.8,70.8,0,0,0,,0,0,21.2,15.4,238.3,1018,33.6,14.8,229.1,19.9,7,,2016-08-01T05:47:34,2016-08-01T20:42:47,0.96,Partially cloudy,Partly cloudy throughout the day.,partly-cloudy-day,"72793024233,KSEA,KBFI,72793524234,72793494248,KRNT"
seattle,2016-08-02,21.5,14.8,17.4,21.5,14.8,17.4,11.3,68.1,0.876,100,20.83,rain,0,0,38.2,15.5,173.7,1020.3,89.2,16,186.2,15.9,5,,2016-08-02T05:48:51,2016-08-02T20:41:21,0,"Rain, Partially cloudy",Partly cloudy throughout the day with rain.,rain,"72793024233,KSEA,KBFI,72793524234,72793494248,KRNT"
seattle,2016-08-03,23.5,15.5,19,23.5,15.5,19,11.5,62.6,0,0,0,,0,0,27.7,16.4,306.9,1024,58.4,16,203,17.6,5,,2016-08-03T05:50:07,2016-08-03T20:39:53,0.03,Partially cloudy,Partly cloudy throughout the day.,partly-cloudy-day,"72793024233,KSEA,KBFI,72793524234,72793494248,KRNT"
seattle,2016-08-04,26.4,14.7,20.9,26.4,14.7,20.9,12.2,59.8,0,0,0,,0,0,33.8,21.8,323.1,1017.6,3.8,16,312.1,26.9,9,,2016-08-04T05:51:25,2016-08-04T20:38:24,0.06,Clear,Clear conditions throughout the day.,clear-day,"72793024233,KSEA,KBFI,72793524234,72793494248,KRNT"
seattle,2016-08-05,26.1,15.4,20.3,26.1,15.4,20.3,10.9,57,0,0,0,,0,0,28.1,15.1,239.6,1013.2,5.1,16,303.6,26.2,9,,2016-08-05T05:52:42,2016-08-05T20:36:53,0.09,Clear,Clear conditions throughout the day.,clear-day,"72793024233,KSEA,KBFI,72793524234,72793494248,KRNT"
seattle,2016-08-06,21.5,13.3,16.8,21.5,13.3,16.8,9.8,64.3,0,0,0,,0,0,25.2,14.5,181.4,1014.9,65.3,16,191.7,16.5,6,,2016-08-06T05:54:00,2016-08-06T20:35:21,0.13,Partially cloudy,Partly cloudy throughout the day.,partly-cloudy-day,"72793024233,KSEA,KBFI,72793524234,72793494248,KRNT"
seattle,2016-08-07,21,15.1,16.9,21,15.1,16.9,11.6,71.3,0.628,100,12.5,rain,0,0,34.9,14.5,180.3,1013.4,93.8,15.9,158.2,13.6,5,,2016-08-07T05:55:19,2016-08-07T20:33:47,0.16,"Rain, Overcast",Cloudy skies throughout the day with rain.,rain,"72793024233,KSEA,KBFI,72793524234,72793494248,KRNT"
seattle,2016-08-08,22.1,14.2,17.4,22.1,14.2,17.4,11.7,70.5,0.064,100,4.17,rain,0,0,37.1,12.8,253.5,1014.9,92.3,15.9,179.1,15.6,6,,2016-08-08T05:56:37,2016-08-08T20:32:12,0.19,"Rain, Overcast",Cloudy skies throughout the day with morning rain.,rain,"72793024233,KSEA,KBFI,72793524234,72793494248,KRNT"
seattle,2016-08-09,21.9,15.5,18,21.9,15.5,18,12.5,71,0,0,0,,0,0,40.1,15.5,201.1,1016.3,98.8,16,106,9.2,4,,2016-08-09T05:57:56,2016-08-09T20:30:35,0.22,Overcast,Cloudy skies throughout the day.,cloudy,"72793024233,KSEA,KBFI,72793524234,72793494248,KRNT"
seattle,2016-08-10,23.9,15.7,19.4,23.9,15.7,19.4,13.1,68.3,0,0,0,,0,0,27.7,16.4,312.5,1018.3,71.4,16,124.6,10.8,4,,2016-08-10T05:59:15,2016-08-10T20:28:57,0.25,Partially cloudy,Partly cloudy throughout the day.,partly-cloudy-day,"72793024233,KSEA,KBFI,72793524234,72793494248,KRNT"
seattle,2016-08-11,26.4,16,21.1,26.4,16,21.1,13.8,64.7,0,0,0,,0,0,31.3,18.8,320.4,1019.3,11.1,16,291.3,25.3,9,,2016-08-11T06:00:34,2016-08-11T20:27:18,0.29,Clear,Clear conditions throughout the day.,clear-day,"72793024233,KSEA,KBFI,72793524234,72793494248,KRNT"
seattle,2016-08-12,30.7,17,23.7,30.3,17,23.6,14.5,58.8,0,0,0,,0,0,24.5,16.3,319.6,1017.8,5.5,16,294.4,25.4,9,,2016-08-12T06:01:54,2016-08-12T20:25:38,0.32,Clear,Clear conditions throughout the day.,clear-day,"72793024233,KSEA,KBFI,72793524234,72793494248,KRNT"
seattle,2016-08-13,31.6,18.6,24.9,30.4,18.6,24.6,14.3,54.8,0,0,0,,0,0,27.7,12.3,321.7,1015.5,32.5,16,278.1,23.9,8,,2016-08-13T06:03:13,2016-08-13T20:23:56,0.35,Partially cloudy,Partly cloudy throughout the day.,partly-cloudy-day,"72793024233,KSEA,KBFI,72793524234,72793494248,KRNT"
seattle,2016-08-14,28.5,15.7,22.3,27.5,15.7,22.2,11.5,52.8,0,0,0,,0,0,23.8,14.1,316.5,1016.1,5.6,16,289.3,25,8,,2016-08-14T06:04:33,2016-08-14T20:22:13,0.38,Clear,Clear conditions throughout the day.,clear-day,"72793024233,KSEA,KBFI,72793524234,72793494248,KRNT"
seattle,2016-08-15,28,15.9,22.1,27.7,15.9,22.1,13.2,58.8,0,0,0,,0,0,21.2,13.1,323.4,1018.1,4.9,16,287.4,24.9,8,,2016-08-15T06:05:53,2016-08-15T20:20:29,0.42,Clear,Clear conditions throughout the day.,clear-day,"72793024233,KSEA,KBFI,72793524234,72793494248,KRNT"
seattle,2016-08-16,27.4,14.7,20.6,27,14.7,20.6,12.9,64.3,0,0,0,,0,0,22,13.2,308.8,1019,24.8,15.5,246,21.3,7,,2016-08-16T06:07:13,2016-08-16T20:18:43,0.45,Partially cloudy,Clearing in the afternoon.,partly-cloudy-day,"72793024233,KSEA,KBFI,72793524234,72793494248,KRNT"
seattle,2016-08-17,26.3,15.3,21,26.3,15.3,21,12.6,60.3,0,0,0,,0,0,26.6,17.2,317.6,1018.2,5.4,15.9,249.7,21.8,8,,2016-08-17T06:08:33,2016-08-17T20:16:57,0.48,Clear,Clear conditions throughout the day.,clear-day,"72793024233,KSEA,KBFI,72793524234,72793494248,KRNT"
seattle,2016-08-18,30.1,16.2,23.3,30.4,16.2,23.3,14.6,59.7,0,0,0,,0,0,40.7,23.6,336.6,1016.3,2.4,15.9,288.2,25,8,,2016-08-18T06:09:53,2016-08-18T20:15:10,0.5,Clear,Clear conditions throughout the day.,clear-day,"72793024233,KSEA,KBFI,72793524234,72793494248,KRNT"
seattle,2016-08-19,34.9,20.3,26.5,37.4,20.3,26.5,14.3,49.2,0,0,0,,0,0,38.9,24.6,334.5,1014.6,2.3,15.8,286.1,24.8,8,,2016-08-19T06:11:14,2016-08-19T20:13:21,0.55,Clear,Clear conditions throughout the day.,clear-day,"72793024233,KSEA,KBFI,72793524234,72793494248,KRNT"
seattle,2016-08-20,33,17.5,25.2,31.6,17.5,24.9,12.1,45.8,0,0,0,,0,0,18,15.1,307.2,1011.8,27.9,16,287.9,24.9,8,,2016-08-20T06:12:34,2016-08-20T20:11:32,0.59,Partially cloudy,Partly cloudy throughout the day.,partly-cloudy-day,"72793024233,KSEA,KBFI,72793524234,72793494248,KRNT"
seattle,2016-08-21,23.5,15.4,18.7,23.5,15.4,18.7,12.3,67.6,0,0,0,,0,0,42.1,20.1,184.1,1012.1,69.9,16,251.5,21.9,7,,2016-08-21T06:13:54,2016-08-21T20:09:41,0.62,Partially cloudy,Partly cloudy throughout the day.,partly-cloudy-day,"72793024233,KSEA,KBFI,72793524234,72793494248,KRNT"
seattle,2016-08-22,21.9,13.8,17.8,21.9,13.8,17.8,9.7,61.1,0,0,0,,0,0,29.5,20.3,220.8,1018.1,60.7,16,150,12.8,5,,2016-08-22T06:15:14,2016-08-22T20:07:50,0.66,Partially cloudy,Partly cloudy throughout the day.,partly-cloudy-day,"72793024233,KSEA,KBFI,72793524234,72793494248,KRNT"
seattle,2016-08-23,26.1,12.6,19.5,26.1,12.6,19.5,10.6,58.3,0,0,0,,0,0,31.7,25.6,326.1,1021.5,10.6,16,276.5,24,8,,2016-08-23T06:16:35,2016-08-23T20:05:58,0.69,Clear,Clear conditions throughout the day.,clear-day,"72793024233,KSEA,KBFI,72793524234,72793494248,KRNT"
seattle,2016-08-24,28.2,14,21.5,27.7,14,21.4,12.5,59.5,0,0,0,,0,0,32.4,27.7,341.5,1022.1,6.1,16,270.5,23.4,8,,2016-08-24T06:17:55,2016-08-24T20:04:05,0.75,Clear,Clear conditions throughout the day.,clear-day,"72793024233,KSEA,KBFI,72793524234,72793494248,KRNT"
seattle,2016-08-25,33.6,16.3,23.9,31.9,16.3,23.6,12.2,51.1,0,0,0,,0,0,30.2,20.4,333.2,1018.1,11.4,16,272.1,23.5,8,,2016-08-25T06:19:16,2016-08-25T20:02:11,0.76,Clear,Clear conditions throughout the day.,clear-day,"72793024233,KSEA,KBFI,72793524234,72793494248,KRNT"
seattle,2016-08-26,31.5,16.3,24.5,29.7,16.3,24.1,11.4,46.7,0,0,0,,0,0,15.5,14.9,314.3,1012.4,29.4,16,253.4,22,7,,2016-08-26T06:20:36,2016-08-26T20:00:17,0.8,Partially cloudy,Partly cloudy throughout the day.,partly-cloudy-day,"72793024233,KSEA,KBFI,72793524234,72793494248,KRNT"
seattle,2016-08-27,23.5,16.4,19.2,23.5,16.4,19.2,12.1,64,0,0,0,,0,0,49.7,24.8,186.4,1011.4,59.1,16,164.8,14.1,5,,2016-08-27T06:21:56,2016-08-27T19:58:22,0.84,Partially cloudy,Partly cloudy throughout the day.,partly-cloudy-day,"72793024233,KSEA,KBFI,72793524234,72793494248,KRNT"
seattle,2016-08-28,22.7,15.4,17.9,22.7,15.4,17.9,11.3,65.9,0,0,0,,0,0,28.4,16.1,214.7,1018,81.1,16,178.7,15.3,6,,2016-08-28T06:23:17,2016-08-28T19:56:26,0.87,Partially cloudy,Partly cloudy throughout the day.,partly-cloudy-day,"72793024233,KSEA,KBFI,72793524234,72793494248,KRNT"
seattle,2016-08-29,26.9,12.6,19.1,26.8,12.6,19.1,11.5,64,0,0,0,,0,0,29.5,13.9,225.2,1016.9,31.4,15.2,259.1,22.2,8,,2016-08-29T06:24:37,2016-08-29T19:54:29,0.91,Partially cloudy,Clearing in the afternoon.,partly-cloudy-day,"72793024233,KSEA,KBFI,72793524234,72793494248,KRNT"
seattle,2016-08-30,21.2,14.3,17.9,21.2,14.3,17.9,11.8,68.7,0,0,0,,0,0,31,19.3,181.4,1016.4,67.2,15.6,128.9,11.2,4,,2016-08-30T06:25:57,2016-08-30T19:52:32,0.94,Partially cloudy,Partly cloudy throughout the day.,partly-cloudy-day,"72793024233,KSEA,KBFI,72793524234,72793494248,KRNT"
seattle,2016-08-31,21.1,14.8,17.3,21.1,14.8,17.3,13.1,76.9,0.388,100,12.5,rain,0,0,31,19.3,156.5,1015.1,79.9,15.5,112.5,9.7,4,,2016-08-31T06:27:18,2016-08-31T19:50:34,0.98,"Rain, Partially cloudy",Partly cloudy throughout the day with afternoon rain.,rain,"72793024233,KSEA,KBFI,72793524234,72793494248,KRNT"
seattle,2016-09-01,19.5,13.9,16.6,19.5,13.9,16.6,12.4,77.1,1.617,100,20.83,rain,0,0,34.6,17.8,165.1,1015.9,93.4,15.8,94.7,8.2,4,,2016-09-01T06:28:38,2016-09-01T19:48:36,0,"Rain, Overcast",Cloudy skies throughout the day with rain.,rain,"72793024233,KSEA,KBFI,72793524234,72793494248,KRNT"
seattle,2016-09-02,20.9,13.2,16.1,20.9,13.2,16.1,11,74.4,0.503,100,12.5,rain,0,0,40,26.8,182.1,1014.7,89.3,15.1,139.8,12.2,6,,2016-09-02T06:29:58,2016-09-02T19:46:37,0.05,"Rain, Partially cloudy",Partly cloudy throughout the day with rain clearing later.,rain,"72793024233,KSEA,KBFI,72793524234,72793494248,KRNT"
seattle,2016-09-03,19.4,13.1,15.7,19.4,13.1,15.7,10.3,71.5,0,0,0,,0,0,23.8,14.9,236.3,1016.2,78.1,16,154.9,13.3,5,,2016-09-03T06:31:18,2016-09-03T19:44:37,0.08,Partially cloudy,Partly cloudy throughout the day.,partly-cloudy-day,"72793024233,KSEA,KBFI,72793524234,72793494248,KRNT"
seattle,2016-09-04,20.2,11.6,15.6,20.2,11.6,15.6,9.7,69.6,0,0,0,,0,0,20.2,15.9,298.1,1015.6,46.6,16,178,15.6,5,,2016-09-04T06:32:39,2016-09-04T19:42:37,0.11,Partially cloudy,Partly cloudy throughout the day.,partly-cloudy-day,"72793024233,KSEA,KBFI,72793524234,72793494248,KRNT"
seattle,2016-09-05,19.2,12.6,15.8,19.2,12.6,15.8,9.8,68.5,0,0,0,,0,0,29.9,16.5,186.8,1016.4,86.4,16,94.9,8,4,,2016-09-05T06:33:59,2016-09-05T19:40:37,0.14,Partially cloudy,Partly cloudy throughout the day.,partly-cloudy-day,"72793024233,KSEA,KBFI,72793524234,72793494248,KRNT"
seattle,2016-09-06,19.3,13.3,16,19.3,13.3,16,11.9,76.8,2.588,100,33.33,rain,0,0,14.8,11.8,314.5,1015.1,98.8,15.5,103.8,9,4,,2016-09-06T06:35:19,2016-09-06T19:38:36,0.18,"Rain, Overcast",Cloudy skies throughout the day with rain clearing later.,rain,"72793024233,KSEA,KBFI,72793524234,72793494248,KRNT"
seattle,2016-09-07,18.9,14.7,16.4,18.9,14.7,16.4,12.4,77.6,0.532,100,12.5,rain,0,0,33.5,16.5,182.9,1020.4,88.6,15.6,117.4,10.2,4,,2016-09-07T06:36:39,2016-09-07T19:36:35,0.21,"Rain, Partially cloudy",Partly cloudy throughout the day with rain.,rain,"72793024233,KSEA,KBFI,72793524234,72793494248,KRNT"
seattle,2016-09-08,20.3,14.2,17,20.3,14.2,17,9.6,62.5,0.119,100,8.33,rain,0,0,28.4,12.9,168.7,1023.8,80.2,15,158.8,13.6,5,,2016-09-08T06:38:00,2016-09-08T19:34:34,0.24,"Rain, Partially cloudy",Partly cloudy throughout the day with morning rain.,rain,"72793024233,KSEA,KBFI,72793524234,72793494248,KRNT"
seattle,2016-09-09,23.2,11.3,16.7,23.2,11.3,16.7,8.6,62,0,0,0,,0,0,20.2,12.3,316.9,1026.2,21.2,16,231.2,19.7,7,,2016-09-09T06:39:20,2016-09-09T19:32:32,0.25,Partially cloudy,Partly cloudy throughout the day.,partly-cloudy-day,"72793024233,KSEA,KBFI,72793524234,72793494248,KRNT"
seattle,2016-09-10,24.5,11.8,18.1,24.5,11.8,18.1,10.3,62.4,0,0,0,,0,0,19.4,17.5,329.9,1020.1,26.7,16,222.4,19.2,7,,2016-09-10T06:40:40,2016-09-10T19:30:30,0.31,Partially cloudy,Partly cloudy throughout the day.,partly-cloudy-day,"72793024233,KSEA,KBFI,72793524234,72793494248,KRNT"
seattle,2016-09-11,20.8,13.8,16.8,20.8,13.8,16.8,9.2,62.1,0,0,0,,0,0,20.5,16.1,322.6,1020.6,63.6,16,142.4,12.2,6,,2016-09-11T06:42:01,2016-09-11T19:28:27,0.34,Partially cloudy,Partly cloudy throughout the day.,partly-cloudy-day,"72793024233,KSEA,KBFI,72793524234,72793494248,KRNT"
seattle,2016-09-12,23.1,12.3,17.6,23.1,12.3,17.6,7.9,55.8,0,0,0,,0,0,37.4,20.2,344.4,1021.4,3.9,16,229.7,19.6,7,,2016-09-12T06:43:21,2016-09-12T19:26:25,0.37,Clear,Clear conditions throughout the day.,clear-day,"72793024233,KSEA,KBFI,72793524234,72793494248,KRNT"
seattle,2016-09-13,23.6,11.3,17.7,23.6,11.3,17.7,6.9,52.2,0,0,0,,0,0,29.2,17.1,321,1017.1,2.3,16,230.6,19.9,7,,2016-09-13T06:44:42,2016-09-13T19:24:22,0.4,Clear,Clear conditions throughout the day.,clear-day,"72793024233,KSEA,KBFI,72793524234,72793494248,KRNT"
seattle,2016-09-14,25.9,10.7,18,25.9,10.7,18,7.8,55.8,0,0,0,,0,0,23.8,11.8,168.5,1017.1,8,16,225.2,19.5,7,,2016-09-14T06:46:02,2016-09-14T19:22:19,0.44,Clear,Clear conditions throughout the day.,clear-day,"72793024233,KSEA,KBFI,72793524234,72793494248,KRNT"
seattle,2016-09-15,21.4,11.5,15.9,21.4,11.5,15.9,10.6,72,0,0,0,,0,0,23.4,11.5,264.2,1021.1,31,16,220.8,19.1,7,,2016-09-15T06:47:23,2016-09-15T19:20:16,0.47,Partially cloudy,Partly cloudy throughout the day.,partly-cloudy-day,"72793024233,KSEA,KBFI,72793524234,72793494248,KRNT"
seattle,2016-09-16,23.7,11.5,17.2,23.7,11.5,17.2,10.9,68.8,0,0,0,,0,0,34.6,11.8,188.9,1017.5,53.9,15.8,167.5,14.5,6,,2016-09-16T06:48:43,2016-09-16T19:18:13,0.5,Partially cloudy,Partly cloudy throughout the day.,partly-cloudy-day,"72793024233,KSEA,KBFI,72793524234,72793494248,KRNT"
seattle,2016-09-17,19.4,14.7,16.4,19.4,14.7,16.4,13.3,82.8,2.893,100,37.5,rain,0,0,50.1,27.2,175.4,1013.5,98.8,14.3,32.4,2.7,2,,2016-09-17T06:50:04,2016-09-17T19:16:09,0.54,"Rain, Overcast",Cloudy skies throughout the day with rain.,rain,"72793024233,KSEA,KBFI,72793524234,72793494248,KRNT"
seattle,2016-09-18,20.4,12,16.3,20.4,12,16.3,11.3,74.1,0,0,0,,0,0,33.5,16.1,181.9,1017.7,68.8,15.8,175.9,15.2,6,,2016-09-18T06:51:25,2016-09-18T19:14:06,0.57,Partially cloudy,Partly cloudy throughout the day.,partly-cloudy-day,"72793024233,KSEA,KBFI,72793524234,72793494248,KRNT"
seattle,2016-09-19,20.9,13.3,16.4,20.9,13.3,16.4,9.6,65.6,0.783,100,12.5,rain,0,0,41.2,25.2,175.5,1018.8,67.8,15.9,138.4,12,5,,2016-09-19T06:52:46,2016-09-19T19:12:02,0.61,"Rain, Partially cloudy",Partly cloudy throughout the day with morning rain.,rain,"72793024233,KSEA,KBFI,72793524234,72793494248,KRNT"
seattle,2016-09-20,19,9.3,14.4,19,9.3,14.4,8.6,69.5,0,0,0,,0,0,25.2,19.1,320.5,1020.2,32.6,16,180.2,15.5,6,,2016-09-20T06:54:07,2016-09-20T19:09:59,0.64,Partially cloudy,Partly cloudy throughout the day.,partly-cloudy-day,"72793024233,KSEA,KBFI,72793524234,72793494248,KRNT"
seattle,2016-09-21,19.5,10.7,14.9,19.5,10.7,14.9,8.8,68.1,0,0,0,,0,0,31.3,18.6,340.6,1017.4,27.4,16,201.7,17.5,7,,2016-09-21T06:55:28,2016-09-21T19:07:56,0.68,Partially cloudy,Clearing in the afternoon.,partly-cloudy-day,"72793024233,KSEA,KBFI,72793524234,72793494248,KRNT"
seattle,2016-09-22,18.8,9.3,14.1,18.8,7.7,13.8,8.7,70.7,0,0,0,,0,0,29.9,16.1,176.5,1016.9,12.5,16,169.8,14.7,5,,2016-09-22T06:56:49,2016-09-22T19:05:52,0.71,Clear,Clear conditions throughout the day.,clear-day,"72793024233,KSEA,KBFI,72793524234,72793494248,KRNT"
seattle,2016-09-23,17.2,12.1,14.1,17.2,12.1,14.1,9.5,73.6,0.045,100,4.17,rain,0,0,47.4,29.1,162.6,1018,69.8,15.7,32.6,2.7,1,,2016-09-23T06:58:11,2016-09-23T19:03:49,0.75,"Rain, Partially cloudy",Partly cloudy throughout the day with afternoon rain.,rain,"72793024233,KSEA,KBFI,72793524234,72793494248,KRNT"
seattle,2016-09-24,18.7,13.1,15.9,18.7,13.1,15.9,9.3,66.4,0,0,0,,0,0,28.4,12.6,206.4,1027.3,87.1,16,110.4,9.6,4,,2016-09-24T06:59:32,2016-09-24T19:01:46,0.78,Partially cloudy,Partly cloudy throughout the day.,partly-cloudy-day,"72793024233,KSEA,KBFI,72793524234,72793494248,KRNT"
seattle,2016-09-25,23.9,15.2,18.8,23.9,15.2,18.8,10.2,59.1,0,0,0,,0,0,23.4,15.3,319.6,1027.8,71.5,16,138,12.1,6,,2016-09-25T07:00:54,2016-09-25T18:59:43,0.82,Partially cloudy,Partly cloudy throughout the day.,partly-cloudy-day,"72793024233,KSEA,KBFI,72793524234,72793494248,KRNT"
seattle,2016-09-26,24.4,13.9,18.6,24.4,13.9,18.6,11.9,66.3,0,0,0,,0,0,20.9,11.1,328.7,1019.2,12.6,16,190.1,16.5,6,,2016-09-26T07:02:16,2016-09-26T18:57:40,0.85,Clear,Clear conditions throughout the day.,clear-day,"72793024233,KSEA,KBFI,72793524234,72793494248,KRNT"
seattle,2016-09-27,20.1,13.6,17.6,20.1,13.6,17.6,9.3,59.6,0.074,100,4.17,rain,0,0,37.1,19.3,337.4,1021,55.7,16,98.4,8.5,4,,2016-09-27T07:03:38,2016-09-27T18:55:38,0.89,"Rain, Partially cloudy",Partly cloudy throughout the day with morning rain.,rain,"72793024233,KSEA,KBFI,72793524234,72793494248,KRNT"
seattle,2016-09-28,19.2,12.7,15.2,19.2,12.7,15.2,9.2,67.8,0,0,0,,0,0,44.6,19.2,8.2,1019,36,16,184,16,6,,2016-09-28T07:05:00,2016-09-28T18:53:36,0.92,Partially cloudy,Partly cloudy throughout the day.,partly-cloudy-day,"72793024233,KSEA,KBFI,72793524234,72793494248,KRNT"
seattle,2016-09-29,18.2,9.7,14.1,18.2,9.7,14.1,6.9,63.8,0,0,0,,0,0,18.7,15.5,340.8,1018.2,44.2,16,166.1,14.6,6,,2016-09-29T07:06:23,2016-09-29T18:51:34,0.96,Partially cloudy,Partly cloudy throughout the day.,partly-cloudy-day,"72793024233,KSEA,KBFI,72793524234,72793494248,KRNT"
seattle,2016-09-30,18.6,7.9,13,18.6,6.5,12.8,7.3,70.3,0,0,0,,0,0,21.6,11,153.7,1016.5,38.9,14.6,141.5,12.2,5,,2016-09-30T07:07:45,2016-09-30T18:49:32,0,Partially cloudy,Clearing in the afternoon.,partly-cloudy-day,"72793024233,KSEA,KBFI,72793524234,72793494248,KRNT"
